{
  "test_loss": 0.04471815377473831,
  "test_accuracy": 0.9821310639381409,
  "precision": 0.9761273209549072,
  "recall": 0.9879194630872483,
  "f1_score": 0.9819879919946631,
  "class_names": [
    "without_mask",
    "with_mask"
  ]
}