,without_mask,with_mask
without_mask,0.9738903394255874,0.02610966057441253
with_mask,0.010738255033557046,0.9892617449664429
