{
  "test_loss": 0.04337766394019127,
  "test_accuracy": 0.9814692139625549,
  "precision": 0.9735799207397622,
  "recall": 0.9892617449664429,
  "f1_score": 0.981358189081225,
  "class_names": [
    "without_mask",
    "with_mask"
  ],
  "roc_auc": 0.9990625054760194,
  "pr_auc": 0.9990541269335287
}