class,precision,recall,f1-score,support
without_mask,0.9893899204244032,0.9738903394255874,0.9815789473684211,766.0
with_mask,0.9735799207397622,0.9892617449664429,0.9813581890812251,745.0
